1632273680701774086,366 0,1144 0,1144 541,366 541,
1632273680768650086,367 0,1150 0,1150 541,367 541,
1632273681203526086,372 0,1159 0,1159 540,372 540,
1632273683143477086,356 1,1301 1,1301 536,356 536,
1632273683210611086,344 0,1307 0,1307 537,344 537,
1632273683277330086,333 0,1309 0,1309 538,333 538,
1632273683344114086,338 7,1306 7,1306 538,338 538,
1632273683444646086,338 1,1407 1,1407 538,338 538,
1632273683511267086,330 0,1412 0,1412 538,330 538,
1632273683578302086,321 0,1414 0,1414 539,321 539,
1632273683645394086,316 0,1414 0,1414 539,316 539,
1632273683712206086,297 0,1433 0,1433 539,297 539,
1632273683779015086,337 0,1539 0,1539 538,337 538,
1632273683845811086,343 7,1529 7,1529 537,343 537,
1632273683912791086,329 0,1638 0,1638 538,329 538,
1632273683979772086,343 1,1572 1,1572 538,343 538,
1632273684046855086,343 0,1522 0,1522 538,343 538,
1632273684113507086,333 0,1405 0,1405 539,333 539,
1632273684180220086,330 0,1307 0,1307 540,330 540,
1632273684247332086,320 0,1248 0,1248 542,320 542,
1632273684314230086,319 1,1222 1,1222 541,319 541,
1632273684381219086,330 2,1244 2,1244 542,330 542,
1632273684448197086,340 0,1272 0,1272 542,340 542,
1632273684514956086,387 0,1293 0,1293 541,387 541,
1632273684581943086,377 0,1306 0,1306 541,377 541,
1632273684648800086,341 0,1279 0,1279 540,341 540,
1632273684715787086,338 0,1249 0,1249 540,338 540,
1632273684782580086,357 0,1220 0,1220 539,357 539,
1632273684849383086,346 0,1207 0,1207 537,346 537,
1632273684916292086,440 0,1197 0,1197 539,440 539,
1632273684983307086,340 0,1190 0,1190 539,340 539,
1632273685050376086,318 0,1183 0,1183 538,318 538,
1632273685117219086,297 3,1184 3,1184 539,297 539,
1632273685183960086,369 0,1190 0,1190 540,369 540,
1632273685250853086,499 2,1190 2,1190 541,499 541,
1632273685317763086,498 6,1182 6,1182 540,498 540,
1632273685384624086,491 0,1181 0,1181 540,491 540,
1632273685451481086,493 0,1177 0,1177 540,493 540,
1632273685518507086,497 0,1171 0,1171 544,497 544,
1632273685585629086,262 0,1170 0,1170 539,262 539,
1632273685652418086,282 0,1167 0,1167 539,282 539,
1632276016298832600,1283 0,1916 0,1916 1067,1283 1067,
1632276016432534600,1288 0,1916 0,1916 1063,1288 1063,
1632276016499423600,1248 0,1915 0,1915 1071,1248 1071,
1632276016566238600,1251 0,1919 0,1919 1068,1251 1068,
1632276016633290600,1260 0,1919 0,1919 1067,1260 1067,
1632276016700174600,1265 0,1919 0,1919 1070,1265 1070,
1632276016767027600,1266 1,1911 1,1911 1068,1266 1068,
1632276016834040600,1264 3,1902 3,1902 1062,1264 1062,
1632276016900787600,1264 0,1917 0,1917 1075,1264 1075,
1632276016967629600,1271 2,1913 2,1913 1068,1271 1068,
1632276017034752600,1270 7,1906 7,1906 1062,1270 1062,
1632276017101358600,1260 7,1912 7,1912 1066,1260 1066,
1632276017168352600,1276 0,1917 0,1917 1064,1276 1064,
1632276017235372600,1248 2,1916 2,1916 1060,1248 1060,
1632276017302354600,1223 0,1912 0,1912 1058,1223 1058,
1632276017369138600,1209 0,1916 0,1916 1071,1209 1071,
1632276017436032600,1202 0,1916 0,1916 1078,1202 1078,
1632276017502974600,1205 5,1916 5,1916 1079,1205 1079,
1632276017569915600,1228 0,1916 0,1916 1068,1228 1068,
1632276017636669600,1282 0,1916 0,1916 1069,1282 1069,
1632276017703663600,1401 0,1916 0,1916 1062,1401 1062,
1632276017770314600,1456 0,1916 0,1916 1068,1456 1068,
1632276017837434600,1534 0,1916 0,1916 1070,1534 1070,
1632276017837434600,1502 358,1754 358,1754 1071,1502 1071,
1632276017937740600,1641 81,1916 81,1916 1076,1641 1076,
1632276017937740600,1453 458,1797 458,1797 1076,1453 1076,
1632276018004572600,1709 74,1916 74,1916 1079,1709 1079,
1632276018004572600,1467 461,1787 461,1787 1079,1467 1079,
1632276018105082600,1769 86,1919 86,1919 1071,1769 1071,
1632276018105082600,1512 675,1905 675,1905 1076,1512 1076,
1632276018105082600,1471 502,1682 502,1682 804,1471 804,
1632276018171918600,1420 588,1692 588,1692 1075,1420 1075,
1632276018238805600,1409 803,1695 803,1695 1076,1409 1076,
1632276018238805600,1395 627,1597 627,1597 920,1395 920,
1632276018305681600,1750 223,1916 223,1916 1076,1750 1076,
1632276018305681600,1325 618,1527 618,1527 912,1325 912,
1632276018406122600,1684 255,1912 255,1912 1079,1684 1079,
1632276018406122600,1229 631,1484 631,1484 1079,1229 1079,
1632276018472963600,1644 298,1910 298,1910 1079,1644 1079,
1632276018472963600,1171 652,1396 652,1396 1074,1171 1074,
1632276018539933600,1601 292,1916 292,1916 1076,1601 1076,
1632276018539933600,1121 627,1359 627,1359 1070,1121 1070,
1632276018606714600,1595 201,1917 201,1917 1074,1595 1074,
1632276018606714600,740 919,849 919,849 1076,740 1076,
1632276018606714600,1132 545,1374 545,1374 1055,1132 1055,
1632276018673805600,1631 126,1916 126,1916 1075,1631 1075,
1632276018673805600,1167 646,1453 646,1453 1076,1167 1076,
1632276018673805600,1153 501,1395 501,1395 957,1153 957,
1632276018740767600,1613 78,1919 78,1919 1077,1613 1077,
1632276018740767600,1163 476,1432 476,1432 1064,1163 1064,
1632276018807573600,1617 76,1916 76,1916 1079,1617 1079,
1632276018807573600,1160 464,1421 464,1421 1067,1160 1067,
1632276018874497600,1634 82,1916 82,1916 1079,1634 1079,
1632276018874497600,1167 466,1432 466,1432 1079,1167 1079,
1632276018941244600,1657 102,1913 102,1913 1066,1657 1066,
1632276018941244600,1145 484,1426 484,1426 1076,1145 1076,
1632276019008111600,1639 142,1916 142,1916 1075,1639 1075,
1632276019008111600,1101 514,1388 514,1388 1076,1101 1076,
1632276019075192600,1615 147,1916 147,1916 1078,1615 1078,
1632276019075192600,1057 511,1330 511,1330 1076,1057 1076,
1632276019142150600,1584 153,1916 153,1916 1079,1584 1079,
1632276019142150600,956 519,1275 519,1275 1079,956 1079,
1632276019209050600,1577 158,1909 158,1909 1079,1577 1079,
1632276019209050600,1167 646,1453 646,1453 1076,1167 1076,
1632276019209050600,915 521,1225 521,1225 1079,915 1079,
1632276019275725600,1582 171,1914 171,1914 1074,1582 1074,
1632276019275725600,871 523,1176 523,1176 1079,871 1079,
1632276019342679600,1588 173,1919 173,1919 1072,1588 1072,
1632276019342679600,802 523,1135 523,1135 1079,802 1079,
1632276019409759600,1574 178,1916 178,1916 1078,1574 1078,
1632276019409759600,771 537,1107 537,1107 1079,771 1079,
1632276019476618600,1637 175,1916 175,1916 1079,1637 1079,
1632276019476618600,783 563,1105 563,1105 1079,783 1079,
1632276019543437600,1783 718,1919 718,1919 1079,1783 1079,
1632276019543437600,824 605,1135 605,1135 1076,824 1076,
1632276019543437600,1640 142,1916 142,1916 1079,1640 1079,
1632276019610316600,870 637,1161 637,1161 1079,870 1079,
1632276019610316600,1230 889,1327 889,1327 1076,1230 1076,
1632276019677417600,839 624,1114 624,1114 1074,839 1074,
1632276019744109600,779 586,1075 586,1075 1076,779 1076,
1632276019811154600,770 512,1050 512,1050 1076,770 1076,
1632276019811154600,1640 142,1916 142,1916 1079,1640 1079,
1632276019877780600,796 446,1073 446,1073 1076,796 1076,
1632276019944765600,847 408,1126 408,1126 1062,847 1062,
1632276020011907600,900 427,1193 427,1193 1079,900 1079,
1632276020078745600,954 476,1240 476,1240 1076,954 1076,
1632276020145687600,994 502,1293 502,1293 1079,994 1079,
1632276020145687600,1230 889,1327 889,1327 1076,1230 1076,
1632276020212547600,335 961,503 961,503 1076,335 1076,
1632276020212547600,1054 543,1370 543,1370 1075,1054 1075,
1632276020279399600,1119 616,1445 616,1445 1076,1119 1076,
1632276020346410600,1150 637,1442 637,1442 1079,1150 1079,
1632276020413303600,1147 641,1418 641,1418 1079,1147 1079,
1632276020479968600,1157 651,1429 651,1429 1079,1157 1079,
1632276020546796600,1191 657,1481 657,1481 1079,1191 1079,
1632276020613925600,1197 664,1480 664,1480 1071,1197 1071,
1632276020680859600,1166 611,1420 611,1420 1076,1166 1076,
1632276020747674600,335 961,503 961,503 1076,335 1076,
1632276020747674600,1151 529,1380 529,1380 1076,1151 1076,
1632276020814500600,423 773,560 773,560 1030,423 1030,
1632276020814500600,1178 461,1427 461,1427 1076,1178 1076,
1632276020881364600,1232 429,1487 429,1487 1064,1232 1064,
1632276020981976600,1250 406,1517 406,1517 1076,1250 1076,
1632276020981976600,1635 691,1741 691,1741 903,1635 903,
1632276021048703600,1276 398,1555 398,1555 1077,1276 1077,
1632276021115559600,1334 389,1630 389,1630 1079,1334 1079,
1632276021182460600,1398 407,1725 407,1725 1076,1398 1076,
1632276021249405600,423 773,560 773,560 1030,423 1030,
1632276021249405600,1448 414,1795 414,1795 1076,1448 1076,
1632276021316392600,1537 444,1916 444,1916 1075,1537 1075,
1632276021383151600,1581 481,1919 481,1919 1076,1581 1076,
1632276021383151600,1635 691,1741 691,1741 903,1635 903,
1632276021450192600,1528 512,1916 512,1916 1079,1528 1079,
1632276021450192600,740 926,901 926,901 1076,740 1076,
1632276021517145600,1501 555,1894 555,1894 1076,1501 1076,
1632276021583915600,1447 537,1800 537,1800 1076,1447 1076,
1632276021650952600,1447 519,1789 519,1789 1067,1447 1067,
1632276021717758600,1790 39,1916 39,1916 1076,1790 1076,
1632276021717758600,1437 511,1777 511,1777 1060,1437 1060,
1632276021784517600,1691 59,1918 59,1918 1069,1691 1069,
1632276021784517600,1451 500,1816 500,1816 1077,1451 1077,
1632276021851668600,1476 509,1863 509,1863 1079,1476 1079,
1632276021918469600,1482 524,1875 524,1875 1079,1482 1079,
1632276021985446600,1473 521,1847 521,1847 1078,1473 1078,
1632276021985446600,740 926,901 926,901 1076,740 1076,
1632276022052317600,1691 59,1918 59,1918 1069,1691 1069,
1632276022052317600,638 869,765 869,765 1076,638 1076,
1632276022052317600,1447 504,1795 504,1795 1060,1447 1060,
1632276022119254600,1432 459,1771 459,1771 1060,1432 1060,
1632276022219536600,1397 437,1690 437,1690 1076,1397 1076,
1632276022286515600,1639 145,1916 145,1916 1076,1639 1076,
1632276022286515600,1311 402,1619 402,1619 1075,1311 1075,
1632276022353314600,1468 538,1916 538,1916 1076,1468 1076,
1632276022353314600,1139 410,1485 410,1485 1061,1139 1061,
1632276022420311600,1388 13,1916 13,1916 1074,1388 1074,
1632276022420311600,1030 432,1362 432,1362 1076,1030 1076,
1632276022487000600,1332 6,1916 6,1916 1064,1332 1064,
1632276022487000600,997 411,1312 411,1312 1070,997 1070,
1632276022553992600,1221 8,1916 8,1916 1062,1221 1062,
1632276022553992600,957 407,1262 407,1262 1063,957 1063,
1632276022620941600,1164 49,1915 49,1915 1079,1164 1079,
1632276022620941600,962 430,1263 430,1263 1079,962 1079,
1632276022687973600,1008 93,1916 93,1916 1067,1008 1067,
1632276022687973600,963 480,1258 480,1258 1076,963 1076,
1632276022754663600,758 125,1894 125,1894 1072,758 1072,
1632276022754663600,923 474,1183 474,1183 854,923 854,
1632276022821557600,438 104,1916 104,1916 1069,438 1069,
1632276022821557600,890 456,1123 456,1123 738,890 738,
1632276022888427600,249 117,1909 117,1909 1079,249 1079,
1632276022888427600,849 465,1079 465,1079 686,849 686,
1632276022955575600,0 115,1904 115,1904 1079,0 1079,
1632276022955575600,814 473,1045 473,1045 691,814 691,
1632276023022339600,13 100,1856 100,1856 1070,13 1070,
1632276023022339600,791 481,1024 481,1024 699,791 699,
1632276023089256600,16 49,1910 49,1910 1067,16 1067,
1632276023089256600,791 481,1024 481,1024 699,791 699,
1632276023156048600,399 35,1916 35,1916 1069,399 1069,
1632276023156048600,791 481,1024 481,1024 699,791 699,
1632276023223032600,640 21,1915 21,1915 1069,640 1069,
1632276023223032600,71 55,904 55,904 1079,71 1079,
1632276023290057600,434 45,1916 45,1916 1070,434 1070,
1632276023290057600,12 0,859 0,859 1079,12 1079,
1632276023356776600,582 0,1916 0,1916 1069,582 1069,
1632276023356776600,0 0,745 0,745 1045,0 1045,
1632276023423684600,4 0,1917 0,1917 1068,4 1068,
1632276023423684600,10 0,789 0,789 1064,10 1064,
1632276023490479600,1 0,1912 0,1912 1057,1 1057,
1632276023490479600,7 0,798 0,798 1079,7 1079,
1632276023557448600,0 0,1919 0,1919 1054,0 1054,
1632276023557448600,7 0,798 0,798 1079,7 1079,
1632276023624565600,417 3,1911 3,1911 1043,417 1043,
1632276023624565600,4 0,755 0,755 1062,4 1062,
1632276023691343600,506 124,1830 124,1830 1009,506 1009,
1632276023691343600,0 3,754 3,754 1079,0 1079,
1632276023758356600,1 0,1262 0,1262 1039,1 1039,
1632276023758356600,0 2,687 2,687 1079,0 1079,
1632276023825057600,0 6,1127 6,1127 1069,0 1069,
1632276023825057600,343 766,1424 766,1424 1077,343 1077,
1632276023891991600,1 0,1058 0,1058 1066,1 1066,
1632276023891991600,372 757,1441 757,1441 1076,372 1076,
1632276023959120600,0 0,1003 0,1003 1065,0 1065,
1632276023959120600,372 757,1441 757,1441 1076,372 1076,
1632276024025818600,0 15,961 15,961 1066,0 1066,
1632276024025818600,372 757,1441 757,1441 1076,372 1076,
1632276024092695600,0 16,963 16,963 1076,0 1076,
1632276024092695600,832 332,991 332,991 946,832 946,
1632276024159654600,0 7,984 7,984 1069,0 1069,
1632276024159654600,854 316,1027 316,1027 1021,854 1021,
1632276024226564600,1 0,1028 0,1028 1075,1 1075,
1632276024226564600,845 304,1062 304,1062 1042,845 1042,
1632276024293418600,8 0,1041 0,1041 1057,8 1057,
1632276024293418600,812 272,1074 272,1074 1030,812 1030,
1632276024360349600,0 0,1043 0,1043 1076,0 1076,
1632276024360349600,795 261,1073 261,1073 1026,795 1026,
1632276024427208600,2 0,951 0,951 1079,2 1079,
1632276024427208600,759 273,1049 273,1049 1066,759 1066,
1632276024494179600,1 0,898 0,898 1079,1 1079,
1632276024494179600,729 283,1023 283,1023 1048,729 1048,
1632276024561059600,6 0,766 0,766 1079,6 1079,
1632276024561059600,702 293,993 293,993 1047,702 1047,
1632276024628112600,18 0,865 0,865 1073,18 1073,
1632276024628112600,695 348,997 348,997 1035,695 1035,
1632276024694895600,67 0,970 0,970 1079,67 1079,
1632276024694895600,718 387,1037 387,1037 994,718 994,
1632276024761646600,2 15,1028 15,1028 1076,2 1076,
1632276024761646600,784 405,1034 405,1034 974,784 974,
1632276024828523600,2 24,1040 24,1040 1064,2 1064,
1632276024828523600,811 423,1052 423,1052 926,811 926,
1632276024895678600,136 24,920 24,920 1068,136 1068,
1632276024895678600,844 421,1087 421,1087 926,844 926,
1632276024962625600,316 51,920 51,920 1066,316 1066,
1632276024962625600,849 413,1097 413,1097 927,849 927,
1632276025029507600,328 47,1248 47,1248 1057,328 1057,
1632276025029507600,837 406,1079 406,1079 832,837 832,
1632276025096249600,136 48,1056 48,1056 1069,136 1069,
1632276025096249600,795 416,1050 416,1050 913,795 913,
1632276025163158600,196 43,1068 43,1068 1073,196 1073,
1632276025163158600,780 413,1058 413,1058 799,780 799,
1632276025163158600,0 16,392 16,392 1066,0 1066,
1632276025230150600,2 24,806 24,806 1059,2 1059,
1632276025230150600,762 396,1091 396,1091 959,762 959,
1632276025296888600,7 0,772 0,772 1056,7 1056,
1632276025296888600,721 380,1094 380,1094 951,721 951,
1632276025363931600,1 0,750 0,750 1064,1 1064,
1632276025363931600,710 358,1114 358,1114 937,710 937,
1632276025430564600,6 0,742 0,742 1069,6 1069,
1632276025430564600,724 330,1129 330,1129 938,724 938,
1632276025497644600,0 0,651 0,651 1062,0 1062,
1632276025497644600,693 317,1114 317,1114 943,693 943,
1632276025497644600,0 16,392 16,392 1066,0 1066,
1632276025564555600,0 0,590 0,590 1059,0 1059,
1632276025564555600,666 324,1098 324,1098 962,666 962,
1632276025631544600,0 0,555 0,555 1042,0 1042,
1632276025631544600,640 322,1077 322,1077 974,640 974,
1632276025698406600,0 0,494 0,494 1058,0 1058,
1632276025698406600,610 312,1066 312,1066 973,610 973,
1632276025765237600,0 0,448 0,448 1065,0 1065,
1632276025765237600,573 294,1044 294,1044 963,573 963,
1632276025832158600,1 0,412 0,412 1045,1 1045,
1632276025832158600,571 249,1030 249,1030 959,571 959,
1632276025899217600,0 0,423 0,423 1059,0 1059,
1632276025899217600,575 212,1035 212,1035 964,575 964,
1632276025965945600,0 0,453 0,453 1068,0 1068,
1632276025965945600,592 202,1075 202,1075 966,592 966,
1632276026032925600,0 0,448 0,448 1069,0 1069,
1632276026032925600,565 185,1075 185,1075 946,565 946,
1632276026099653600,0 0,419 0,419 1069,0 1069,
1632276026099653600,507 130,1042 130,1042 911,507 911,
1632276026166573600,0 0,411 0,411 1067,0 1067,
1632276026166573600,452 62,1007 62,1007 931,452 931,
1632276026233694600,0 0,361 0,361 1071,0 1071,
1632276026233694600,401 12,978 12,978 951,401 951,
1632276026300522600,0 3,335 3,335 1064,0 1064,
1632276026300522600,365 0,963 0,963 963,365 963,
1632276026367415600,1 0,500 0,500 1072,1 1072,
1632276026367415600,336 0,966 0,966 977,336 977,
1632276026434263600,0 0,507 0,507 1079,0 1079,
1632276026434263600,325 0,972 0,972 993,325 993,
1632276026501275600,0 0,489 0,489 1074,0 1074,
1632276026501275600,306 4,962 4,962 991,306 991,
1632276026568203600,0 0,454 0,454 1079,0 1079,
1632276026568203600,272 5,946 5,946 1009,272 1009,
1632276026634907600,265 4,936 4,936 1023,265 1023,
1632276026634907600,377 687,1372 687,1372 1074,377 1074,
1632276026634907600,0 0,338 0,338 1066,0 1066,
1632276026702002600,0 0,411 0,411 1071,0 1071,
1632276026702002600,284 6,957 6,957 1028,284 1028,
1632276026702002600,399 697,1382 697,1382 1079,399 1079,
1632276026768876600,5 7,419 7,419 1076,5 1076,
1632276026768876600,308 8,988 8,988 1030,308 1030,
1632276026768876600,416 700,1398 700,1398 1079,416 1079,
1632276026835574600,0 0,437 0,437 1065,0 1065,
1632276026835574600,355 6,1057 6,1057 999,355 999,
1632276026835574600,371 700,1354 700,1354 1073,371 1073,
1632276026902620600,0 1,507 1,507 1063,0 1063,
1632276026902620600,463 8,1171 8,1171 987,463 987,
1632276026902620600,474 679,1439 679,1439 1070,474 1070,
1632276026969573600,8 0,661 0,661 1059,8 1059,
1632276026969573600,599 0,1305 0,1305 975,599 975,
1632276026969573600,511 611,1415 611,1415 1063,511 1063,
1632276027036401600,114 0,787 0,787 1060,114 1060,
1632276027036401600,701 0,1420 0,1420 958,701 958,
1632276027036401600,507 633,1372 633,1372 1065,507 1065,
1632276027103172600,9 0,769 0,769 1065,9 1065,
1632276027103172600,721 0,1461 0,1461 1003,721 1003,
1632276027103172600,504 611,1377 611,1377 1054,504 1054,
1632276027170038600,5 0,772 0,772 1067,5 1067,
1632276027170038600,756 0,1510 0,1510 1050,756 1050,
1632276027170038600,504 606,1387 606,1387 1055,504 1055,
1632276027237152600,9 0,788 0,788 1064,9 1064,
1632276027237152600,811 0,1578 0,1578 1059,811 1059,
1632276027237152600,504 606,1387 606,1387 1055,504 1055,
1632276027304217600,14 0,800 0,800 1070,14 1070,
1632276027304217600,856 0,1656 0,1656 1074,856 1074,
1632276027304217600,504 606,1387 606,1387 1055,504 1055,
1632276027370883600,11 0,812 0,812 1069,11 1069,
1632276027370883600,895 0,1739 0,1739 1079,895 1079,
1632276027370883600,504 606,1387 606,1387 1055,504 1055,
1632276027437664600,3 0,802 0,802 1073,3 1073,
1632276027437664600,904 0,1799 0,1799 1079,904 1079,
1632276027437664600,504 606,1387 606,1387 1055,504 1055,
1632276027504670600,9 8,805 8,805 1056,9 1056,
1632276027504670600,928 0,1848 0,1848 1077,928 1077,
1632276027504670600,504 606,1387 606,1387 1055,504 1055,
1632276027571716600,9 10,952 10,952 1063,9 1063,
1632276027571716600,947 0,1896 0,1896 1068,947 1068,
1632276027571716600,504 606,1387 606,1387 1055,504 1055,
1632276027638627600,4 2,867 2,867 1063,4 1063,
1632276027638627600,957 0,1916 0,1916 1071,957 1071,
1632276027638627600,504 606,1387 606,1387 1055,504 1055,
1632276027705325600,984 13,1916 13,1916 1068,984 1068,
1632276027705325600,9 9,850 9,850 1053,9 1053,
1632276027705325600,504 606,1387 606,1387 1055,504 1055,
1632276027772223600,8 2,1290 2,1290 1057,8 1057,
1632276027772223600,975 16,1916 16,1916 1069,975 1069,
1632276027772223600,504 606,1387 606,1387 1055,504 1055,
1632276027839248600,969 13,1919 13,1919 1072,969 1072,
1632276027839248600,10 14,819 14,819 1072,10 1072,
1632276027839248600,504 606,1387 606,1387 1055,504 1055,
1632276027906238600,976 8,1919 8,1919 1073,976 1073,
1632276027906238600,8 14,1317 14,1317 1071,8 1071,
1632276027906238600,504 606,1387 606,1387 1055,504 1055,
1632276027972945600,0 10,1326 10,1326 1065,0 1065,
1632276027972945600,955 1,1911 1,1911 1070,955 1070,
1632276027972945600,504 606,1387 606,1387 1055,504 1055,
1632276028039684600,0 9,859 9,859 1065,0 1065,
1632276028039684600,931 3,1889 3,1889 1069,931 1069,
1632276028039684600,504 606,1387 606,1387 1055,504 1055,
1632276028106866600,1 9,866 9,866 1057,1 1057,
1632276028106866600,906 8,1852 8,1852 1054,906 1054,
1632276028106866600,504 606,1387 606,1387 1055,504 1055,
1632276028173701600,9 7,886 7,886 1057,9 1057,
1632276028173701600,886 14,1826 14,1826 1056,886 1056,
1632276028173701600,504 606,1387 606,1387 1055,504 1055,
1632276028240676600,7 9,1336 9,1336 1060,7 1060,
1632276028240676600,878 15,1809 15,1809 1055,878 1055,
1632276028307657600,10 5,1340 5,1340 1065,10 1065,
1632276028307657600,887 15,1798 15,1798 1063,887 1063,
1632276028374398600,2 0,1345 0,1345 1068,2 1068,
1632276028374398600,887 13,1770 13,1770 1065,887 1065,
1632276028441267600,0 0,1341 0,1341 1064,0 1064,
1632276028441267600,880 4,1798 4,1798 1058,880 1058,
1632276028508384600,51 0,1138 0,1138 1069,51 1069,
1632276028508384600,877 5,1837 5,1837 1063,877 1063,
1632276028575207600,1 0,999 0,999 1070,1 1070,
1632276028575207600,877 2,1754 2,1754 1065,877 1065,
1632276028642111600,14 2,995 2,995 1073,14 1073,
1632276028642111600,882 3,1815 3,1815 1069,882 1069,
1632276028708765600,11 1,997 1,997 1079,11 1079,
1632276028708765600,893 7,1830 7,1830 1079,893 1079,
1632276028775879600,14 4,1115 4,1115 1072,14 1072,
1632276028775879600,911 1,1847 1,1847 1076,911 1076,
1632276028842868600,13 5,1027 5,1027 1072,13 1072,
1632276028842868600,935 0,1889 0,1889 1079,935 1079,
1632276028909810600,11 4,1044 4,1044 1073,11 1073,
1632276028909810600,951 2,1903 2,1903 1067,951 1067,
1632276028976713600,0 0,1234 0,1234 1065,0 1065,
1632276028976713600,956 0,1899 0,1899 1068,956 1068,
1632276029043250600,0 0,1120 0,1120 1064,0 1064,
1632276029043250600,937 0,1894 0,1894 1073,937 1073,
1632276029110261600,0 0,1103 0,1103 1070,0 1070,
1632276029110261600,934 0,1843 0,1843 1078,934 1078,
1632276029177139600,6 0,1330 0,1330 1072,6 1072,
1632276029177139600,916 0,1871 0,1871 1075,916 1075,
1632276029244206600,0 0,1322 0,1322 1074,0 1074,
1632276029244206600,853 8,1795 8,1795 1054,853 1054,
1632276029311079600,6 0,1217 0,1217 1071,6 1071,
1632276029311079600,810 20,1681 20,1681 1057,810 1057,
1632276029377965600,2 0,1272 0,1272 1064,2 1064,
1632276029377965600,789 13,1634 13,1634 1048,789 1048,
1632276029444771600,29 2,1287 2,1287 1068,29 1068,
1632276029444771600,752 3,1576 3,1576 1056,752 1056,
1632276029511912600,7 3,1300 3,1300 1063,7 1063,
1632276029511912600,705 0,1510 0,1510 1020,705 1020,
1632276029578705600,54 1,1309 1,1309 1069,54 1069,
1632276029578705600,591 1,1463 1,1463 991,591 991,
1632276029645722600,18 4,1278 4,1278 1072,18 1072,
1632276029645722600,451 2,1395 2,1395 1004,451 1004,
1632276029712496600,41 0,691 0,691 1061,41 1061,
1632276029712496600,541 0,1426 0,1426 1009,541 1009,
1632276029779281600,183 0,743 0,743 1048,183 1048,
1632276029779281600,520 0,1469 0,1469 1004,520 1004,
1632276029779281600,0 0,303 0,303 1070,0 1070,
1632276029846246600,227 7,779 7,779 1056,227 1056,
1632276029846246600,738 0,1540 0,1540 974,738 974,
1632276029846246600,0 17,315 17,315 1064,0 1064,
1632276029913120600,187 0,752 0,752 1057,187 1057,
1632276029913120600,559 14,1474 14,1474 1014,559 1014,
1632276029913120600,0 0,277 0,277 1068,0 1068,
1632276029979906600,195 0,722 0,722 1068,195 1068,
1632276029979906600,698 5,1491 5,1491 989,698 989,
1632276029979906600,0 0,264 0,264 1079,0 1079,
1632276030046927600,187 3,713 3,713 1072,187 1072,
1632276030046927600,691 0,1490 0,1490 985,691 985,
1632276030046927600,0 19,296 19,296 1078,0 1078,
1632276030113936600,188 1,709 1,709 1070,188 1070,
1632276030113936600,697 0,1497 0,1497 990,697 990,
1632276030113936600,10 4,291 4,291 1079,10 1079,
1632276030180939600,187 4,706 4,706 1071,187 1071,
1632276030180939600,703 4,1504 4,1504 997,703 997,
1632276030180939600,1 6,283 6,283 1079,1 1079,
1632276030247747600,167 0,698 0,698 1066,167 1066,
1632276030247747600,695 0,1497 0,1497 985,695 985,
1632276030247747600,2 52,276 52,276 1077,2 1077,
1632276030314498600,169 2,701 2,701 1066,169 1066,
1632276030314498600,701 0,1518 0,1518 984,701 984,
1632276030314498600,1 105,258 105,258 1079,1 1079,
1632276030381558600,170 0,706 0,706 1059,170 1059,
1632276030381558600,703 0,1529 0,1529 971,703 971,
1632276030381558600,11 76,283 76,283 1073,11 1073,
1632276030448370600,155 1,696 1,696 1063,155 1063,
1632276030448370600,690 0,1524 0,1524 990,690 990,
1632276030448370600,0 112,258 112,258 1074,0 1074,
1632276030515376600,692 0,1524 0,1524 1008,692 1008,
1632276030515376600,180 4,695 4,695 1064,180 1064,
1632276030515376600,1 27,258 27,258 1076,1 1076,
1632276030582127600,687 6,1510 6,1510 990,687 990,
1632276030582127600,166 7,691 7,691 1070,166 1070,
1632276030582127600,1 98,266 98,266 1079,1 1079,
1632276030649058600,696 2,1490 2,1490 991,696 991,
1632276030649058600,164 0,691 0,691 1065,164 1065,
1632276030649058600,0 39,268 39,268 1079,0 1079,
1632276030715908600,692 0,1470 0,1470 1024,692 1024,
1632276030715908600,187 0,739 0,739 1062,187 1062,
1632276030715908600,0 62,265 62,265 1050,0 1050,
1632276030782838600,665 0,1439 0,1439 1034,665 1034,
1632276030782838600,153 0,717 0,717 1052,153 1052,
1632276030782838600,1 29,243 29,243 1079,1 1079,
1632276030849941600,91 0,696 0,696 1068,91 1068,
1632276030849941600,595 6,1400 6,1400 1032,595 1032,
1632276030849941600,0 71,212 71,212 1072,0 1072,
1632276030916787600,1 10,666 10,666 1078,1 1078,
1632276030916787600,561 0,1369 0,1369 1030,561 1030,
1632276030916787600,0 91,176 91,176 1079,0 1079,
1632276030983504600,12 1,625 1,625 1064,12 1064,
1632276030983504600,557 6,1346 6,1346 1028,557 1028,
1632276030983504600,0 91,176 91,176 1079,0 1079,
1632276031050512600,13 0,611 0,611 1064,13 1064,
1632276031050512600,571 5,1323 5,1323 1022,571 1022,
1632276031050512600,0 91,176 91,176 1079,0 1079,
1632276031117429600,0 0,627 0,627 1054,0 1054,
1632276031117429600,533 0,1285 0,1285 1003,533 1003,
1632276031184186600,0 0,579 0,579 1061,0 1061,
1632276031184186600,498 0,1226 0,1226 984,498 984,
1632276031251303600,0 0,554 0,554 1056,0 1056,
1632276031251303600,466 0,1187 0,1187 999,466 999,
1632276031317988600,0 0,561 0,561 1060,0 1060,
1632276031317988600,450 0,1173 0,1173 990,450 990,
1632276031385033600,0 5,564 5,564 1067,0 1067,
1632276031385033600,453 2,1172 2,1172 995,453 995,
1632276031451870600,0 13,535 13,535 1073,0 1073,
1632276031451870600,446 12,1167 12,1167 1011,446 1011,
1632276031518996600,1 8,550 8,550 1066,1 1066,
1632276031518996600,449 9,1157 9,1157 1003,449 1003,
1632276031585815600,1 7,566 7,566 1065,1 1065,
1632276031585815600,475 13,1152 13,1152 1005,475 1005,
1632276031652530600,1 8,572 8,572 1065,1 1065,
1632276031652530600,486 8,1145 8,1145 994,486 994,
1632276031719331600,9 0,569 0,569 1060,9 1060,
1632276031719331600,496 0,1141 0,1141 979,496 979,
1632276031786440600,1 0,578 0,578 1064,1 1064,
1632276031786440600,519 0,1139 0,1139 995,519 995,
1632276031853411600,22 20,591 20,591 1074,22 1074,
1632276031853411600,554 5,1141 5,1141 990,554 990,
1632276031920196600,55 37,594 37,594 1073,55 1073,
1632276031920196600,570 10,1129 10,1129 989,570 989,
1632276031987013600,41 44,552 44,552 1079,41 1079,
1632276031987013600,546 16,1092 16,1092 1021,546 1021,
1632276032054011600,41 44,552 44,552 1079,41 1079,
1632276032054011600,549 51,1098 51,1098 1017,549 1017,
1632276032120846600,41 44,552 44,552 1079,41 1079,
1632276032120846600,569 69,1110 69,1110 1020,569 1020,
1632276032187914600,41 44,552 44,552 1079,41 1079,
1632276032187914600,587 60,1125 60,1125 1024,587 1024,
1632276032254611600,41 44,552 44,552 1079,41 1079,
1632276032254611600,610 72,1163 72,1163 1019,610 1019,
1632276032321498600,0 0,328 0,328 1074,0 1074,
1632276032321498600,630 70,1195 70,1195 1016,630 1016,
1632276032388572600,0 3,372 3,372 1069,0 1069,
1632276032388572600,653 58,1222 58,1222 1012,653 1012,
1632276032455412600,1 3,414 3,414 1062,1 1062,
1632276032455412600,688 44,1255 44,1255 1012,688 1012,
1632276032522447600,9 7,414 7,414 1078,9 1078,
1632276032522447600,706 48,1266 48,1266 1033,706 1033,
1632276032589030600,0 1,412 1,412 1076,0 1076,
1632276032589030600,730 80,1284 80,1284 1032,730 1032,
1632276032655974600,1 0,469 0,469 1074,1 1074,
1632276032655974600,762 109,1328 109,1328 1045,762 1045,
1632276032723126600,0 0,498 0,498 1062,0 1062,
1632276032723126600,789 104,1337 104,1337 1029,789 1029,
1632276032790036600,0 0,507 0,507 1064,0 1064,
1632276032790036600,757 102,1296 102,1296 1008,757 1008,
1632276032856801600,0 0,522 0,522 1067,0 1067,
1632276032856801600,726 104,1258 104,1258 993,726 993,
1632276032923539600,0 0,543 0,543 1055,0 1055,
1632276032923539600,707 100,1226 100,1226 994,707 994,
1632276032990574600,5 0,561 0,561 1059,5 1059,
1632276032990574600,693 92,1204 92,1204 993,693 993,
1632276033057651600,4 0,572 0,572 1056,4 1056,
1632276033057651600,674 89,1179 89,1179 1002,674 1002,
1632276033124473600,3 5,630 5,630 1059,3 1059,
1632276033124473600,655 89,1153 89,1153 984,655 984,
1632276033191460600,4 10,654 10,654 1065,4 1065,
1632276033191460600,648 94,1139 94,1139 1000,648 1000,
1632276033258133600,3 0,668 0,668 1058,3 1058,
1632276033258133600,648 81,1125 81,1125 1009,648 1009,
1632276033325194600,0 0,686 0,686 1058,0 1058,
1632276033325194600,648 69,1118 69,1118 993,648 993,
1632276033392099600,0 1,696 1,696 1073,0 1073,
1632276033392099600,639 74,1114 74,1114 994,639 994,
1632276033458996600,0 5,625 5,625 1079,0 1079,
1632276033458996600,593 81,1082 81,1082 994,593 994,
1632276033525838600,0 0,604 0,604 1079,0 1079,
1632276033525838600,548 83,1039 83,1039 1000,548 1000,
1632276033592548600,0 0,530 0,530 1073,0 1073,
1632276033592548600,522 75,1007 75,1007 1000,522 1000,
1632276033659587600,0 0,594 0,594 1064,0 1064,
1632276033659587600,477 54,973 54,973 1014,477 1014,
1632276033726650600,0 0,535 0,535 1071,0 1071,
1632276033726650600,439 40,939 40,939 1034,439 1034,
1632276033793522600,1 4,506 4,506 1079,1 1079,
1632276033793522600,391 34,909 34,909 1042,391 1042,
1632276033860333600,1 0,525 0,525 1079,1 1079,
1632276033860333600,374 32,901 32,901 1057,374 1057,
1632276033927055600,1 4,482 4,482 1079,1 1079,
1632276033927055600,364 33,899 33,899 1070,364 1070,
1632276033994249600,1 9,537 9,537 1079,1 1079,
1632276033994249600,365 35,900 35,900 1079,365 1079,
1632276034061125600,0 7,550 7,550 1077,0 1077,
1632276034061125600,398 41,917 41,917 1079,398 1079,
1632276034127925600,0 6,536 6,536 1075,0 1075,
1632276034127925600,424 47,940 47,940 1079,424 1079,
1632276034194786600,0 0,547 0,547 1070,0 1070,
1632276034194786600,447 72,961 72,961 1079,447 1079,
1632276034261642600,10 0,467 0,467 1068,10 1068,
1632276034261642600,460 104,979 104,979 1079,460 1079,
1632276034328747600,0 7,466 7,466 1072,0 1072,
1632276034328747600,444 129,1004 129,1004 1079,444 1079,
1632276034395586600,4 0,446 0,446 1057,4 1057,
1632276034395586600,416 134,1034 134,1034 1077,416 1077,
1632276034462557600,0 0,400 0,400 1045,0 1045,
1632276034462557600,359 128,1019 128,1019 1079,359 1079,
1632276034529498600,0 0,348 0,348 1069,0 1069,
1632276034529498600,381 126,1037 126,1037 1079,381 1079,
1632276034596376600,1 0,403 0,403 1070,1 1070,
1632276034596376600,448 102,1101 102,1101 1062,448 1062,
1632276034662958600,34 0,460 0,460 1047,34 1047,
1632276034662958600,544 50,1159 50,1159 1066,544 1066,
1632276034730078600,37 0,452 0,452 1020,37 1020,
1632276034730078600,537 42,1156 42,1156 1064,537 1064,
1632276034796918600,12 0,416 0,416 987,12 987,
1632276034796918600,508 25,1130 25,1130 1065,508 1065,
1632276034863831600,1 28,190 28,190 1068,1 1068,
1632276034863831600,494 18,1124 18,1124 1072,494 1072,
1632276034930781600,2 21,154 21,154 1075,2 1075,
1632276034930781600,487 20,1132 20,1132 1079,487 1079,
1632276034997748600,5 26,193 26,193 1060,5 1060,
1632276034997748600,452 52,1126 52,1126 1071,452 1071,
1632276034997748600,312 226,431 226,431 428,312 428,
1632276035064724600,0 14,148 14,148 1054,0 1054,
1632276035064724600,408 55,1085 55,1085 1079,408 1079,
1632276035131591600,323 62,1063 62,1063 1075,323 1075,
1632276035198325600,299 81,1049 81,1049 1071,299 1071,
1632276035265234600,311 95,1072 95,1072 1067,311 1067,
1632276035332284600,314 112,1088 112,1088 1079,314 1079,
1632276035332284600,299 267,450 267,450 469,299 469,
1632276035399223600,306 124,1094 124,1094 1073,306 1073,
1632276035466042600,317 125,1092 125,1092 1065,317 1065,
1632276035532778600,306 105,1082 105,1082 1062,306 1062,
1632276035599851600,330 90,1083 90,1083 1056,330 1056,
1632276035666643600,335 80,1083 80,1083 1056,335 1056,
1632276035666643600,299 267,450 267,450 469,299 469,
1632276035733693600,330 66,1075 66,1075 1053,330 1053,
1632276035800582600,325 50,1071 50,1071 1065,325 1065,
1632276035867341600,321 31,1066 31,1066 1060,321 1060,
1632276035934323600,303 29,1051 29,1051 1071,303 1071,
1632276036001185600,292 14,1024 14,1024 1062,292 1062,
1632276036068168600,299 0,1020 0,1020 1067,299 1067,
1632276036134904600,325 0,1021 0,1021 1072,325 1072,
1632276036201811600,354 0,1028 0,1028 1074,354 1074,
1632276036268795600,353 0,1034 0,1034 1079,353 1079,
1632276036268795600,318 238,421 238,421 443,318 443,
1632276036335799600,365 5,1037 5,1037 1074,365 1074,
1632276036402562600,368 0,1053 0,1053 1079,368 1079,
1632276036469471600,385 9,1065 9,1065 1078,385 1078,
1632276036536209600,411 0,1077 0,1077 1067,411 1067,
1632276036603342600,437 0,1090 0,1090 1064,437 1064,
1632276036670267600,448 0,1106 0,1106 1063,448 1063,
1632276036737180600,482 0,1139 0,1139 1067,482 1067,
1632276036737180600,0 0,267 0,267 1073,0 1073,
1632276036804010600,521 0,1165 0,1165 1066,521 1066,
1632276036804010600,12 0,311 0,311 1076,12 1076,
1632276036804010600,318 238,421 238,421 443,318 443,
1632276036870878600,565 0,1195 0,1195 1066,565 1066,
1632276036870878600,9 0,294 0,294 1070,9 1070,
1632276036937649600,618 3,1229 3,1229 1058,618 1058,
1632276036937649600,20 14,345 14,345 1058,20 1058,
1632276036937649600,509 226,606 226,606 440,509 440,
1632276037004681600,0 0,435 0,435 1065,0 1065,
1632276037004681600,638 1,1231 1,1231 1066,638 1066,
1632276037004681600,3 13,355 13,355 1051,3 1051,
1632276037071633600,1 0,479 0,479 1066,1 1066,
1632276037071633600,632 0,1213 0,1213 1063,632 1063,
1632276037071633600,3 13,355 13,355 1051,3 1051,
1632276037138440600,0 0,475 0,475 1074,0 1074,
1632276037138440600,610 2,1179 2,1179 1072,610 1072,
1632276037205297600,0 0,437 0,437 1079,0 1079,
1632276037205297600,572 6,1148 6,1148 1079,572 1079,
1632276037272269600,0 11,421 11,421 1078,0 1078,
1632276037272269600,559 12,1126 12,1126 1079,559 1079,
1632276037339274600,1 17,430 17,430 1077,1 1077,
1632276037339274600,557 4,1122 4,1122 1079,557 1079,
1632276037406203600,0 23,440 23,440 1078,0 1078,
1632276037406203600,546 0,1118 0,1118 1071,546 1071,
1632276037406203600,272 170,393 170,393 391,272 391,
1632276037473026600,0 26,415 26,415 1079,0 1079,
1632276037473026600,520 0,1093 0,1093 1078,520 1078,
1632276037539972600,0 30,389 30,389 1079,0 1079,
1632276037539972600,480 7,1054 7,1054 1079,480 1079,
1632276037606741600,0 30,389 30,389 1079,0 1079,
1632276037606741600,493 9,1067 9,1067 1079,493 1079,
1632276037673756600,0 30,389 30,389 1079,0 1079,
1632276037673756600,514 3,1088 3,1088 1079,514 1079,
1632276037740535600,0 30,389 30,389 1079,0 1079,
1632276037740535600,534 0,1103 0,1103 1079,534 1079,
1632276037807404600,0 30,389 30,389 1079,0 1079,
1632276037807404600,553 0,1116 0,1116 1077,553 1077,
1632276037874493600,0 30,389 30,389 1079,0 1079,
1632276037874493600,570 0,1134 0,1134 1079,570 1079,
1632276037874493600,347 238,447 238,447 446,347 446,
1632276037941431600,0 0,385 0,385 1076,0 1076,
1632276037941431600,591 3,1159 3,1159 1079,591 1079,
1632276037941431600,378 246,483 246,483 454,378 454,
1632276038008437600,0 0,386 0,386 1075,0 1075,
1632276038008437600,603 0,1172 0,1172 1079,603 1079,
1632276038008437600,407 244,506 244,506 449,407 449,
1632276038075303600,7 0,401 0,401 1072,7 1072,
1632276038075303600,615 0,1187 0,1187 1075,615 1075,
1632276038141812600,0 0,443 0,443 1068,0 1068,
1632276038141812600,630 0,1208 0,1208 1071,630 1071,
1632276038208798600,8 0,449 0,449 1076,8 1076,
1632276038208798600,648 0,1240 0,1240 1079,648 1079,
1632276038276011600,6 1,425 1,425 1075,6 1075,
1632276038276011600,668 7,1264 7,1264 1076,668 1076,
1632276038342837600,0 0,350 0,350 1079,0 1079,
1632276038342837600,659 5,1258 5,1258 1076,659 1076,
1632276038409684600,1 1,306 1,306 1073,1 1073,
1632276038409684600,646 10,1275 10,1275 1076,646 1076,
1632276038476550600,0 0,272 0,272 1074,0 1074,
1632276038476550600,643 7,1292 7,1292 1079,643 1079,
1632276038543535600,0 0,209 0,209 1076,0 1076,
1632276038543535600,619 1,1289 1,1289 1079,619 1079,
1632276038543535600,407 244,506 244,506 449,407 449,
1632276038610325600,4 16,193 16,193 1077,4 1077,
1632276038610325600,622 3,1305 3,1305 1075,622 1075,
1632276038677176600,0 40,191 40,191 1076,0 1076,
1632276038677176600,627 0,1318 0,1318 1067,627 1067,
1632276038744095600,0 32,175 32,175 1069,0 1069,
1632276038744095600,622 0,1321 0,1321 1071,622 1071,
1632276038810836600,0 32,175 32,175 1069,0 1069,
1632276038810836600,625 0,1332 0,1332 1079,625 1079,
1632276038877845600,617 0,1334 0,1334 1073,617 1073,
1632276038877845600,0 527,155 527,155 1076,0 1076,
1632276038944898600,616 0,1343 0,1343 1070,616 1070,
1632276039011942600,619 0,1359 0,1359 1066,619 1066,
1632276039078660600,625 1,1369 1,1369 1064,625 1064,
1632276039145315600,638 3,1380 3,1380 1068,638 1068,
1632276039212301600,657 2,1398 2,1398 1076,657 1076,
1632276039279399600,686 10,1437 10,1437 1074,686 1074,
1632276039346226600,781 19,1533 19,1533 1075,781 1075,
1632276039346226600,0 97,284 97,284 1071,0 1071,
1632276039413248600,820 9,1604 9,1604 1075,820 1075,
1632276039413248600,0 0,364 0,364 1054,0 1054,
1632276039480031600,857 16,1648 16,1648 1071,857 1071,
1632276039480031600,1 7,412 7,412 1057,1 1057,
1632276039547006600,904 22,1717 22,1717 1069,904 1069,
1632276039547006600,1 11,487 11,487 1067,1 1067,
1632276039613897600,1 8,539 8,539 1075,1 1075,
1632276039613897600,938 13,1764 13,1764 1061,938 1061,
1632276039680922600,2 11,570 11,570 1077,2 1077,
1632276039680922600,967 11,1788 11,1788 1062,967 1062,
1632276039747576600,5 2,572 2,572 1078,5 1078,
1632276039747576600,974 8,1782 8,1782 1066,974 1066,
1632276039814500600,11 0,577 0,577 1079,11 1079,
1632276039814500600,980 10,1781 10,1781 1075,980 1075,
1632276039881513600,9 0,592 0,592 1078,9 1078,
1632276039881513600,986 9,1793 9,1793 1069,986 1069,
1632276039948304600,7 3,608 3,608 1077,7 1077,
1632276039948304600,992 7,1810 7,1810 1067,992 1067,
1632276039948304600,886 565,1006 565,1006 871,886 871,
1632276040015211600,15 5,631 5,631 1074,15 1074,
1632276040015211600,1010 9,1847 9,1847 1069,1010 1069,
1632276040082211600,5 8,658 8,658 1074,5 1074,
1632276040082211600,1032 6,1895 6,1895 1066,1032 1066,
1632276040149051600,5 3,676 3,676 1075,5 1075,
1632276040149051600,1040 4,1915 4,1915 1068,1040 1068,
1632276040215999600,11 4,696 4,696 1076,11 1076,
1632276040215999600,1058 5,1916 5,1916 1076,1058 1076,
1632276040282969600,12 1,720 1,720 1073,12 1073,
1632276040282969600,1092 7,1919 7,1919 1079,1092 1079,
1632276040349784600,0 0,719 0,719 1075,0 1075,
1632276040349784600,1095 16,1916 16,1916 1076,1095 1076,
1632276040416671600,1093 23,1905 23,1905 1074,1093 1074,
1632276040416671600,6 0,711 0,711 1074,6 1074,
1632276040483463600,1099 24,1910 24,1910 1072,1099 1072,
1632276040483463600,6 0,716 0,716 1072,6 1072,
1632276040550475600,1094 24,1906 24,1906 1070,1094 1070,
1632276040550475600,2 0,715 0,715 1073,2 1073,
1632276040617528600,1086 21,1902 21,1902 1070,1086 1070,
1632276040617528600,1 0,710 0,710 1072,1 1072,
1632276040684209600,1072 21,1916 21,1916 1062,1072 1062,
1632276040684209600,0 1,700 1,700 1070,0 1070,
1632276040751159600,1057 24,1891 24,1891 1052,1057 1052,
1632276040751159600,3 1,691 1,691 1068,3 1068,
1632276040818004600,0 0,674 0,674 1067,0 1067,
1632276040818004600,1034 28,1852 28,1852 1064,1034 1064,
1632276040884982600,0 0,648 0,648 1061,0 1061,
1632276040884982600,998 30,1789 30,1789 1075,998 1075,
1632276040951916600,0 0,597 0,597 1057,0 1057,
1632276040951916600,948 27,1710 27,1710 1065,948 1065,
1632276041018837600,1 0,528 0,528 1064,1 1064,
1632276041018837600,891 24,1628 24,1628 1066,891 1066,
1632276041085571600,0 0,499 0,499 1063,0 1063,
1632276041085571600,861 21,1567 21,1567 1070,861 1070,
1632276041152543600,10 0,486 0,486 1060,10 1060,
1632276041152543600,852 17,1532 17,1532 1064,852 1064,
1632276041219473600,6 0,483 0,483 1058,6 1058,
1632276041219473600,850 16,1511 16,1511 1062,850 1062,
1632276041286407600,4 0,467 0,467 1062,4 1062,
1632276041286407600,832 17,1484 17,1484 1061,832 1061,
1632276041353381600,0 0,448 0,448 1067,0 1067,
1632276041353381600,808 21,1455 21,1455 1063,808 1063,
1632276041420173600,6 4,433 4,433 1072,6 1072,
1632276041420173600,793 31,1434 31,1434 1074,793 1074,
1632276041487079600,0 12,447 12,447 1072,0 1072,
1632276041487079600,795 39,1445 39,1445 1078,795 1078,
1632276041554116600,1 2,484 2,484 1063,1 1063,
1632276041554116600,819 37,1485 37,1485 1079,819 1079,
1632276041620925600,1 5,537 5,537 1060,1 1060,
1632276041620925600,866 30,1549 30,1549 1079,866 1079,
1632276041687890600,0 9,606 9,606 1058,0 1058,
1632276041687890600,911 16,1625 16,1625 1079,911 1079,
1632276041754691600,0 3,669 3,669 1056,0 1056,
1632276041754691600,963 0,1701 0,1701 1079,963 1079,
1632276041821563600,0 0,682 0,682 1063,0 1063,
1632276041821563600,1004 0,1738 0,1738 1074,1004 1074,
1632276041888544600,9 0,684 0,684 1064,9 1064,
1632276041888544600,1017 0,1762 0,1762 1079,1017 1079,
1632276041955492600,2 0,706 0,706 1062,2 1062,
1632276041955492600,1021 0,1803 0,1803 1073,1021 1073,
1632276042022203600,12 0,732 0,732 1060,12 1060,
1632276042022203600,1048 0,1852 0,1852 1070,1048 1070,
1632276042089019600,15 0,757 0,757 1054,15 1054,
1632276042089019600,1076 0,1905 0,1905 1065,1076 1065,
1632276042156192600,37 0,797 0,797 1062,37 1062,
1632276042156192600,1102 0,1916 0,1916 1068,1102 1068,
1632276042156192600,0 27,167 27,167 1071,0 1071,
1632276042223041600,49 4,820 4,820 1074,49 1074,
1632276042223041600,1132 0,1919 0,1919 1071,1132 1071,
1632276042223041600,3 42,199 42,199 1069,3 1069,
1632276042289831600,45 3,822 3,822 1079,45 1079,
1632276042289831600,1124 1,1919 1,1919 1074,1124 1074,
1632276042356772600,45 3,823 3,823 1079,45 1079,
1632276042356772600,1119 3,1919 3,1919 1076,1119 1076,
1632276042423689600,45 8,823 8,823 1079,45 1079,
1632276042423689600,1113 10,1919 10,1919 1079,1113 1079,
1632276042490529600,52 12,817 12,817 1078,52 1078,
1632276042490529600,1119 9,1918 9,1918 1073,1119 1073,
1632276042490529600,0 19,164 19,164 1079,0 1079,
1632276042557636600,50 0,810 0,810 1068,50 1068,
1632276042557636600,1129 3,1904 3,1904 1079,1129 1079,
1632276042557636600,0 16,167 16,167 1066,0 1066,
1632276042624525600,81 0,817 0,817 1059,81 1059,
1632276042624525600,1136 0,1909 0,1909 1076,1136 1076,
1632276042624525600,0 19,188 19,188 1036,0 1036,
1632276042691413600,133 0,853 0,853 1067,133 1067,
1632276042691413600,1170 0,1906 0,1906 1076,1170 1076,
1632276042691413600,0 0,223 0,223 1013,0 1013,
1632276042758156600,153 0,884 0,884 1069,153 1069,
1632276042758156600,1188 0,1904 0,1904 1070,1188 1070,
1632276042758156600,0 0,223 0,223 1013,0 1013,
1632276042825159600,155 0,890 0,890 1067,155 1067,
1632276042825159600,1051 0,1916 0,1916 1073,1051 1073,
1632276042825159600,0 0,260 0,260 1068,0 1068,
1632276042892179600,85 0,873 0,873 1063,85 1063,
1632276042892179600,990 0,1916 0,1916 1068,990 1068,
1632276042892179600,0 0,207 0,207 1020,0 1020,
1632276042958904600,263 0,873 0,873 1061,263 1061,
1632276042958904600,937 0,1915 0,1915 1067,937 1067,
1632276043025810600,164 4,877 4,877 1066,164 1066,
1632276043025810600,935 7,1919 7,1919 1079,935 1079,
1632276043092766600,223 0,903 0,903 1060,223 1060,
1632276043092766600,954 7,1913 7,1913 1074,954 1074,
1632276043159693600,142 2,899 2,899 1075,142 1075,
1632276043159693600,966 9,1916 9,1916 1076,966 1076,
1632276043159693600,1099 0,1430 0,1430 440,1099 440,
1632276043226592600,157 0,907 0,907 1070,157 1070,
1632276043226592600,995 3,1916 3,1916 1079,995 1079,
1632276043226592600,1102 0,1445 0,1445 481,1102 481,
1632276043293512600,151 0,911 0,911 1074,151 1074,
1632276043293512600,1094 0,1916 0,1916 1079,1094 1079,
1632276043293512600,1101 33,1466 33,1466 524,1101 524,
1632276043360115600,175 0,927 0,927 1071,175 1071,
1632276043360115600,1152 0,1916 0,1916 1075,1152 1075,
1632276043360115600,0 0,252 0,252 1068,0 1068,
1632276043360115600,1104 68,1481 68,1481 546,1104 546,
1632276043427123600,172 0,925 0,925 1071,172 1071,
1632276043427123600,1148 0,1916 0,1916 1070,1148 1070,
1632276043427123600,10 0,245 0,245 1064,10 1064,
1632276043427123600,1104 68,1481 68,1481 546,1104 546,
1632276043494315600,166 0,922 0,922 1074,166 1074,
1632276043494315600,1183 0,1916 0,1916 1075,1183 1075,
1632276043494315600,1104 68,1481 68,1481 546,1104 546,
1632276043494315600,27 51,224 51,224 1079,27 1079,
1632276043561125600,151 0,945 0,945 1068,151 1068,
1632276043561125600,1186 0,1917 0,1917 1067,1186 1067,
1632276043561125600,6 9,205 9,205 1067,6 1067,
1632276043561125600,1104 68,1481 68,1481 546,1104 546,
1632276043627885600,130 2,1027 2,1027 1062,130 1062,
1632276043627885600,1168 0,1916 0,1916 1073,1168 1073,
1632276043627885600,17 11,194 11,194 1068,17 1068,
1632276043627885600,1104 68,1481 68,1481 546,1104 546,
1632276043694752600,135 3,1118 3,1118 1058,135 1058,
1632276043694752600,1162 0,1916 0,1916 1073,1162 1073,
1632276043694752600,0 14,190 14,190 1070,0 1070,
1632276043694752600,1104 68,1481 68,1481 546,1104 546,
1632276043761759600,135 0,1236 0,1236 1063,135 1063,
1632276043761759600,1145 0,1916 0,1916 1070,1145 1070,
1632276043761759600,0 37,203 37,203 1079,0 1079,
1632276043761759600,1104 68,1481 68,1481 546,1104 546,
1632276043828628600,102 0,1391 0,1391 1064,102 1064,
1632276043828628600,1177 0,1918 0,1918 1079,1177 1079,
1632276043828628600,1104 68,1481 68,1481 546,1104 546,
1632276043828628600,35 23,209 23,209 1079,35 1079,
1632276043895640600,36 11,1680 11,1680 1059,36 1059,
1632276043895640600,1230 0,1916 0,1916 1074,1230 1074,
1632276043895640600,1104 68,1481 68,1481 546,1104 546,
1632276043895640600,35 23,209 23,209 1079,35 1079,
1632276043962361600,25 0,1903 0,1903 1064,25 1064,
1632276043962361600,1257 0,1916 0,1916 1071,1257 1071,
1632276043962361600,1104 68,1481 68,1481 546,1104 546,
1632276043962361600,35 23,209 23,209 1079,35 1079,
1632276044029238600,50 6,1915 6,1915 1059,50 1059,
1632276044029238600,1276 0,1916 0,1916 637,1276 637,
1632276044029238600,1104 68,1481 68,1481 546,1104 546,
1632276044029238600,35 23,209 23,209 1079,35 1079,
1632276044096271600,1 0,1912 0,1912 1073,1 1073,
1632276044096271600,1270 3,1885 3,1885 574,1270 574,
1632276044096271600,1104 68,1481 68,1481 546,1104 546,
1632276044096271600,35 23,209 23,209 1079,35 1079,
1632276044163208600,23 0,1914 0,1914 1071,23 1071,
1632276044163208600,1287 0,1919 0,1919 425,1287 425,
1632276044163208600,1104 68,1481 68,1481 546,1104 546,
1632276044163208600,35 23,209 23,209 1079,35 1079,
1632276044230256600,48 0,1911 0,1911 1071,48 1071,
1632276044230256600,1287 0,1919 0,1919 425,1287 425,
1632276044230256600,1104 68,1481 68,1481 546,1104 546,
1632276044230256600,35 23,209 23,209 1079,35 1079,
1632276044296925600,0 0,1908 0,1908 1067,0 1067,
1632276044296925600,1287 0,1919 0,1919 425,1287 425,
1632276044296925600,1104 68,1481 68,1481 546,1104 546,
1632276044296925600,35 23,209 23,209 1079,35 1079,
1632276044363783600,37 2,1919 2,1919 1070,37 1070,
1632276044363783600,1287 0,1919 0,1919 425,1287 425,
1632276044363783600,1104 68,1481 68,1481 546,1104 546,
1632276044363783600,35 23,209 23,209 1079,35 1079,
1632276044430798600,48 1,1915 1,1915 1073,48 1073,
1632276044430798600,1287 0,1919 0,1919 425,1287 425,
1632276044430798600,1104 68,1481 68,1481 546,1104 546,
1632276044430798600,35 23,209 23,209 1079,35 1079,
1632276044497846600,123 0,1908 0,1908 1071,123 1071,
1632276044497846600,0 5,322 5,322 1066,0 1066,
1632276044497846600,1287 440,1886 440,1886 1074,1287 1074,
1632276044497846600,1104 68,1481 68,1481 546,1104 546,
1632276044564611600,80 3,1916 3,1916 1057,80 1057,
1632276044564611600,0 0,272 0,272 1079,0 1079,
1632276044564611600,1244 445,1790 445,1790 1052,1244 1052,
1632276044564611600,1104 68,1481 68,1481 546,1104 546,
1632276044631502600,58 4,1909 4,1909 1067,58 1067,
1632276044631502600,0 0,272 0,272 1079,0 1079,
1632276044631502600,1243 421,1736 421,1736 1018,1243 1018,
1632276044631502600,1104 68,1481 68,1481 546,1104 546,
1632276044698311600,43 2,1906 2,1906 1070,43 1070,
1632276044698311600,0 0,272 0,272 1079,0 1079,
1632276044698311600,1173 258,1839 258,1839 1071,1173 1071,
1632276044698311600,1104 68,1481 68,1481 546,1104 546,
1632276044765208600,25 29,1905 29,1905 1079,25 1079,
1632276044765208600,0 0,272 0,272 1079,0 1079,
1632276044765208600,653 1,1886 1,1886 1071,653 1071,
1632276044765208600,1104 68,1481 68,1481 546,1104 546,
1632276044832322600,236 133,1919 133,1919 1079,236 1079,
1632276044832322600,0 0,272 0,272 1079,0 1079,
1632276044832322600,38 0,1902 0,1902 1063,38 1063,
1632276044832322600,1104 68,1481 68,1481 546,1104 546,
1632276044899056600,0 0,272 0,272 1079,0 1079,
1632276044899056600,1393 405,1919 405,1919 1079,1393 1079,
1632276044899056600,8 3,1895 3,1895 1064,8 1064,
1632276044899056600,1104 68,1481 68,1481 546,1104 546,
1632276044999603600,0 0,272 0,272 1079,0 1079,
1632276044999603600,1359 387,1919 387,1919 1057,1359 1057,
1632276044999603600,8 0,1900 0,1900 1061,8 1061,
1632276044999603600,1104 68,1481 68,1481 546,1104 546,
1632276045066298600,1115 0,1916 0,1916 1063,1115 1063,
1632276045066298600,0 0,272 0,272 1079,0 1079,
1632276045066298600,11 2,1290 2,1290 1075,11 1075,
1632276045066298600,1104 68,1481 68,1481 546,1104 546,
1632276045133159600,1156 162,1918 162,1918 1063,1156 1063,
1632276045133159600,0 0,272 0,272 1079,0 1079,
1632276045133159600,20 0,1879 0,1879 1057,20 1057,
1632276045133159600,1104 68,1481 68,1481 546,1104 546,
1632276045200196600,1169 0,1919 0,1919 1047,1169 1047,
1632276045200196600,27 0,1883 0,1883 1058,27 1058,
1632276045200196600,0 0,272 0,272 1079,0 1079,
1632276045200196600,1104 68,1481 68,1481 546,1104 546,
1632276045266951600,1225 0,1919 0,1919 1049,1225 1049,
1632276045266951600,7 3,1363 3,1363 994,7 994,
1632276045266951600,0 0,272 0,272 1079,0 1079,
1632276045266951600,1104 68,1481 68,1481 546,1104 546,
1632276045333958600,1229 0,1919 0,1919 1042,1229 1042,
1632276045333958600,10 1,1906 1,1906 915,10 915,
1632276045333958600,0 0,272 0,272 1079,0 1079,
1632276045333958600,1104 68,1481 68,1481 546,1104 546,
1632276045400894600,1175 236,1745 236,1745 827,1175 827,
1632276045400894600,1229 0,1919 0,1919 1042,1229 1042,
1632276045400894600,0 0,272 0,272 1079,0 1079,
1632276045467698600,1142 203,1706 203,1706 745,1142 745,
1632276045467698600,1229 0,1919 0,1919 1042,1229 1042,
1632276045467698600,0 0,272 0,272 1079,0 1079,
1632276045534652600,394 0,1079 0,1079 681,394 681,
1632276045534652600,1229 0,1919 0,1919 1042,1229 1042,
1632276045534652600,0 0,272 0,272 1079,0 1079,
1632276045601532600,893 0,1916 0,1916 703,893 703,
1632276045601532600,1229 0,1919 0,1919 1042,1229 1042,
1632276045601532600,0 0,272 0,272 1079,0 1079,
1632276045668639600,838 139,1895 139,1895 829,838 829,
1632276045668639600,1229 0,1919 0,1919 1042,1229 1042,
1632276045668639600,0 0,272 0,272 1079,0 1079,
1632276045735349600,900 323,1413 323,1413 850,900 850,
1632276045735349600,1229 0,1919 0,1919 1042,1229 1042,
1632276045802079600,11 0,1909 0,1909 814,11 814,
1632276045802079600,1229 0,1919 0,1919 1042,1229 1042,
1632276045869178600,1229 0,1919 0,1919 1042,1229 1042,
1632276045869178600,935 225,1476 225,1476 793,935 793,
1632276045936130600,158 0,973 0,973 620,158 620,
1632276045936130600,958 0,1561 0,1561 598,958 598,
1632276046002968600,84 0,969 0,969 590,84 590,
1632276046002968600,948 18,1533 18,1533 603,948 603,
1632276046069945600,137 0,966 0,966 617,137 617,
1632276046069945600,960 46,1528 46,1528 600,960 600,
1632276046136663600,126 0,965 0,965 621,126 621,
1632276046136663600,964 53,1526 53,1526 605,964 605,
1632276046203545600,110 0,957 0,957 623,110 623,
1632276046203545600,971 63,1518 63,1518 608,971 608,
1632276046270596600,91 0,950 0,950 624,91 624,
1632276046270596600,979 103,1506 103,1506 607,979 607,
1632276046337650600,71 2,946 2,946 626,71 626,
1632276046337650600,982 183,1473 183,1473 606,982 606,
1632276046404229600,47 2,943 2,943 628,47 628,
1632276046404229600,980 193,1470 193,1470 606,980 606,
1632276046471155600,18 0,937 0,937 629,18 629,
1632276046471155600,975 1,1533 1,1533 605,975 605,
1632276046538046600,0 0,930 0,930 633,0 633,
1632276046538046600,964 3,1533 3,1533 603,964 603,
1632276046605259600,0 0,939 0,939 665,0 665,
1632276046605259600,958 4,1533 4,1533 602,958 602,
1632276046671973600,0 0,940 0,940 668,0 668,
1632276046671973600,955 3,1533 3,1533 601,955 601,
1632276046738882600,0 0,934 0,934 670,0 670,
1632276046738882600,952 2,1535 2,1535 600,952 600,
1632276046805572600,0 0,925 0,925 671,0 671,
1632276046805572600,952 0,1535 0,1535 599,952 599,
1632276046872736600,0 1,922 1,922 676,0 676,
1632276046872736600,952 0,1534 0,1534 599,952 599,
1632276046939728600,0 0,920 0,920 672,0 672,
1632276046939728600,952 0,1533 0,1533 599,952 599,
1632276047006461600,0 0,918 0,918 671,0 671,
1632276047006461600,951 0,1532 0,1532 599,951 599,
1632276047073514600,1 0,912 0,912 668,1 668,
1632276047073514600,951 0,1533 0,1533 599,951 599,
1632276047140108600,1 0,909 0,909 666,1 666,
1632276047140108600,954 0,1532 0,1532 600,954 600,
1632276047207107600,2 0,906 0,906 666,2 666,
1632276047207107600,956 0,1533 0,1533 600,956 600,
1632276047274068600,1 0,903 0,903 663,1 663,
1632276047274068600,955 0,1533 0,1533 600,955 600,
1632276047341060600,0 0,896 0,896 662,0 662,
1632276047341060600,953 0,1532 0,1532 600,953 600,
1632276047407746600,0 0,890 0,890 661,0 661,
1632276047407746600,956 0,1532 0,1532 600,956 600,
1632276047474783600,0 0,907 0,907 664,0 664,
1632276047474783600,956 0,1531 0,1531 600,956 600,
1632276047541631600,0 0,906 0,906 666,0 666,
1632276047541631600,956 0,1531 0,1531 600,956 600,
1632276047608533600,0 0,891 0,891 665,0 665,
1632276047608533600,956 0,1530 0,1530 599,956 599,
1632276047675529600,1 0,894 0,894 668,1 668,
1632276047675529600,956 0,1530 0,1530 600,956 600,
1632276047742236600,1 0,889 0,889 668,1 668,
1632276047742236600,959 0,1529 0,1529 600,959 600,
1632276047809147600,0 0,889 0,889 664,0 664,
1632276047809147600,959 0,1529 0,1529 600,959 600,
1632276047876264600,0 0,884 0,884 662,0 662,
1632276047876264600,959 0,1530 0,1530 600,959 600,
1632276047943156600,1 1,883 1,883 661,1 661,
1632276047943156600,960 1,1529 1,1529 601,960 601,
1632276048010108600,1 0,888 0,888 660,1 660,
1632276048010108600,961 0,1529 0,1529 601,961 601,
1632276048076856600,0 0,890 0,890 661,0 661,
1632276048076856600,960 0,1529 0,1529 600,960 600,
1632276048143896600,0 0,882 0,882 661,0 661,
1632276048143896600,960 0,1530 0,1530 600,960 600,
1632276048210901600,0 0,884 0,884 659,0 659,
1632276048210901600,961 0,1530 0,1530 601,961 601,
1632276048277528600,0 0,893 0,893 661,0 661,
1632276048277528600,962 0,1529 0,1529 601,962 601,
1632276048344390600,0 0,903 0,903 663,0 663,
1632276048344390600,962 0,1529 0,1529 600,962 600,
1632276048411292600,0 0,896 0,896 660,0 660,
1632276048411292600,961 0,1529 0,1529 600,961 600,
1632276048478268600,0 0,888 0,888 658,0 658,
1632276048478268600,961 0,1529 0,1529 600,961 600,
1632276048545158600,1 0,891 0,891 660,1 660,
1632276048545158600,962 0,1529 0,1529 600,962 600,
1632276048612120600,1 0,892 0,892 659,1 659,
1632276048612120600,961 0,1528 0,1528 600,961 600,
1632276048679001600,0 0,897 0,897 661,0 661,
1632276048679001600,962 0,1528 0,1528 600,962 600,
1632276048745706600,0 0,878 0,878 662,0 662,
1632276048745706600,963 0,1529 0,1529 600,963 600,
1632276048812749600,1 0,889 0,889 662,1 662,
1632276048812749600,963 0,1531 0,1531 600,963 600,
1632276048879947600,1 0,898 0,898 661,1 661,
1632276048879947600,963 0,1532 0,1532 600,963 600,
1632276048946651600,0 0,901 0,901 663,0 663,
1632276048946651600,961 0,1531 0,1531 600,961 600,
1632276049013469600,0 0,901 0,901 665,0 665,
1632276049013469600,961 0,1531 0,1531 600,961 600,
1632276049080239600,0 0,896 0,896 665,0 665,
1632276049080239600,962 0,1531 0,1531 600,962 600,
1632276049147281600,0 0,901 0,901 662,0 662,
1632276049147281600,962 0,1532 0,1532 601,962 601,
1632276049214397600,2 0,899 0,899 663,2 663,
1632276049214397600,962 0,1532 0,1532 600,962 600,
1632276049281140600,0 0,893 0,893 661,0 661,
1632276049281140600,959 0,1532 0,1532 600,959 600,
1632276049348007600,0 0,895 0,895 664,0 664,
1632276049348007600,954 0,1532 0,1532 601,954 601,
1632276049414781600,0 0,897 0,897 660,0 660,
1632276049414781600,953 0,1531 0,1531 601,953 601,
1632276049481828600,0 0,893 0,893 657,0 657,
1632276049481828600,950 0,1532 0,1532 600,950 600,
1632276049548830600,0 0,891 0,891 659,0 659,
1632276049548830600,948 0,1532 0,1532 600,948 600,
1632276049615573600,0 0,895 0,895 658,0 658,
1632276049615573600,948 0,1532 0,1532 601,948 601,
1632276049682491600,0 0,896 0,896 659,0 659,
1632276049682491600,948 0,1532 0,1532 601,948 601,
1632276049749371600,0 0,901 0,901 661,0 661,
1632276049749371600,952 0,1532 0,1532 601,952 601,
1632276049816294600,0 0,890 0,890 662,0 662,
1632276049816294600,954 0,1533 0,1533 601,954 601,
1632276049883364600,0 0,896 0,896 662,0 662,
1632276049883364600,956 0,1533 0,1533 601,956 601,
1632276049950269600,0 0,899 0,899 662,0 662,
1632276049950269600,956 0,1534 0,1534 601,956 601,
1632276050017163600,0 0,900 0,900 664,0 664,
1632276050017163600,954 0,1535 0,1535 601,954 601,
1632276050083791600,0 0,895 0,895 658,0 658,
1632276050083791600,955 0,1535 0,1535 601,955 601,
1632276050150779600,4 0,889 0,889 654,4 654,
1632276050150779600,954 0,1534 0,1534 599,954 599,
1632276050217761600,1 0,875 0,875 650,1 650,
1632276050217761600,952 0,1534 0,1534 599,952 599,
1632276050284712600,0 0,876 0,876 653,0 653,
1632276050284712600,951 0,1534 0,1534 599,951 599,
1632276050351672600,0 0,881 0,881 658,0 658,
1632276050351672600,950 0,1535 0,1535 600,950 600,
1632276050418556600,0 0,888 0,888 658,0 658,
1632276050418556600,947 0,1536 0,1536 599,947 599,
1632276050485214600,0 0,890 0,890 661,0 661,
1632276050485214600,946 0,1535 0,1535 600,946 600,
1632276050552430600,0 0,892 0,892 656,0 656,
1632276050552430600,945 0,1535 0,1535 600,945 600,
1632276050619165600,0 0,895 0,895 654,0 654,
1632276050619165600,945 0,1535 0,1535 600,945 600,
1632276050686026600,0 0,867 0,867 648,0 648,
1632276050686026600,943 0,1534 0,1534 599,943 599,
1632276050753047600,1 0,900 0,900 643,1 643,
1632276050753047600,944 0,1535 0,1535 601,944 601,
1632276050819911600,1 1,891 1,891 646,1 646,
1632276050819911600,947 0,1534 0,1534 601,947 601,
1632276050886932600,0 0,889 0,889 646,0 646,
1632276050886932600,947 0,1534 0,1534 601,947 601,
1632276050953715600,0 0,884 0,884 645,0 645,
1632276050953715600,949 0,1534 0,1534 600,949 600,
1632276051020477600,0 0,875 0,875 645,0 645,
1632276051020477600,949 0,1533 0,1533 601,949 601,
1632276051087387600,0 1,863 1,863 640,0 640,
1632276051087387600,952 1,1533 1,1533 602,952 602,
1632276051154332600,0 0,863 0,863 640,0 640,
1632276051154332600,950 0,1532 0,1532 601,950 601,
1632276051221210600,0 0,865 0,865 645,0 645,
1632276051221210600,953 0,1531 0,1531 601,953 601,
1632276051288292600,0 0,833 0,833 641,0 641,
1632276051288292600,949 0,1531 0,1531 600,949 600,
1632276051354970600,0 0,835 0,835 638,0 638,
1632276051354970600,947 0,1531 0,1531 601,947 601,
1632276051421898600,1 0,866 0,866 643,1 643,
1632276051421898600,946 0,1531 0,1531 601,946 601,
1632276051488930600,1 0,842 0,842 645,1 645,
1632276051488930600,945 0,1531 0,1531 600,945 600,
1632276051555703600,0 0,864 0,864 647,0 647,
1632276051555703600,943 0,1530 0,1530 600,943 600,
1632276051622701600,1 0,859 0,859 655,1 655,
1632276051622701600,944 0,1530 0,1530 602,944 602,
1632276051689439600,1 0,825 0,825 658,1 658,
1632276051689439600,945 0,1530 0,1530 602,945 602,
1632276051756547600,0 0,856 0,856 657,0 657,
1632276051756547600,946 0,1529 0,1529 602,946 602,
1632276051823464600,0 0,867 0,867 656,0 656,
1632276051823464600,947 0,1528 0,1528 601,947 601,
1632276051890379600,0 0,870 0,870 658,0 658,
1632276051890379600,946 0,1527 0,1527 601,946 601,
1632276051957101600,0 0,842 0,842 659,0 659,
1632276051957101600,943 0,1527 0,1527 602,943 602,
1632276052023977600,0 0,842 0,842 656,0 656,
1632276052023977600,940 0,1526 0,1526 601,940 601,
1632276052090883600,0 0,882 0,882 656,0 656,
1632276052090883600,939 0,1526 0,1526 600,939 600,
1632276052157915600,0 0,833 0,833 657,0 657,
1632276052157915600,938 0,1525 0,1525 600,938 600,
1632276052224762600,1 1,884 1,884 660,1 660,
1632276052224762600,939 0,1525 0,1525 601,939 601,
1632276052291650600,0 0,843 0,843 657,0 657,
1632276052291650600,939 0,1524 0,1524 603,939 603,
1632276052358345600,0 0,850 0,850 652,0 652,
1632276052358345600,938 0,1525 0,1525 603,938 603,
1632276052425519600,0 0,864 0,864 648,0 648,
1632276052425519600,938 1,1525 1,1525 603,938 603,
1632276052492606600,0 1,858 1,858 640,0 640,
1632276052492606600,938 1,1526 1,1526 603,938 603,
1632276052559351600,1 1,872 1,872 633,1 633,
1632276052559351600,936 1,1526 1,1526 603,936 603,
1632276052626307600,3 1,845 1,845 628,3 628,
1632276052626307600,934 0,1525 0,1525 601,934 601,
1632276052693000600,2 2,848 2,848 624,2 624,
1632276052693000600,932 2,1522 2,1522 603,932 603,
1632276052760113600,3 11,859 11,859 625,3 625,
1632276052760113600,928 4,1520 4,1520 607,928 607,
1632276052826879600,0 0,855 0,855 624,0 624,
1632276052826879600,926 0,1512 0,1512 607,926 607,
1632276052893795600,0 0,826 0,826 625,0 625,
1632276052893795600,925 0,1510 0,1510 606,925 606,
1632276052960722600,0 0,861 0,861 628,0 628,
1632276052960722600,926 0,1505 0,1505 606,926 606,
1632276053027506600,1 0,823 0,823 625,1 625,
1632276053027506600,927 0,1501 0,1501 602,927 602,
1632276053094544600,1 0,827 0,827 626,1 626,
1632276053094544600,922 0,1498 0,1498 603,922 603,
1632276053161359600,2 0,824 0,824 621,2 621,
1632276053161359600,921 0,1497 0,1497 604,921 604,
1632276053228380600,2 0,828 0,828 626,2 626,
1632276053228380600,921 0,1497 0,1497 604,921 604,
1632276053295137600,6 0,830 0,830 625,6 625,
1632276053295137600,921 0,1494 0,1494 603,921 603,
1632276053362065600,1 0,839 0,839 665,1 665,
1632276053362065600,921 0,1493 0,1493 604,921 604,
1632276053429032600,1 0,828 0,828 649,1 649,
1632276053429032600,921 0,1493 0,1493 604,921 604,
1632276053495888600,0 0,818 0,818 644,0 644,
1632276053495888600,920 0,1494 0,1494 602,920 602,
1632276053562744600,0 0,817 0,817 642,0 642,
1632276053562744600,919 0,1494 0,1494 603,919 603,
1632276053629714600,0 0,813 0,813 643,0 643,
1632276053629714600,919 0,1494 0,1494 603,919 603,
1632276053696603600,1 0,813 0,813 641,1 641,
1632276053696603600,921 0,1495 0,1495 603,921 603,
1632276053763711600,0 0,814 0,814 640,0 640,
1632276053763711600,920 0,1495 0,1495 602,920 602,
1632276053830452600,0 0,816 0,816 644,0 644,
1632276053830452600,922 0,1496 0,1496 602,922 602,
1632276053897394600,1 1,818 1,818 642,1 642,
1632276053897394600,922 0,1498 0,1498 603,922 603,
1632276053964121600,1 1,821 1,821 640,1 640,
1632276053964121600,923 0,1498 0,1498 603,923 603,
1632276054031213600,1 1,825 1,825 637,1 637,
1632276054031213600,922 0,1498 0,1498 604,922 604,
1632276054098111600,0 0,830 0,830 632,0 632,
1632276054098111600,920 0,1498 0,1498 603,920 603,
1632276054165021600,0 0,828 0,828 654,0 654,
1632276054165021600,921 0,1497 0,1497 603,921 603,
1632276054231962600,1 0,825 0,825 646,1 646,
1632276054231962600,922 0,1497 0,1497 603,922 603,
1632276054298692600,0 0,825 0,825 644,0 644,
1632276054298692600,921 0,1498 0,1498 603,921 603,
1632276054365643600,0 0,828 0,828 642,0 642,
1632276054365643600,921 0,1498 0,1498 603,921 603,
1632276054432668600,0 0,829 0,829 639,0 639,
1632276054432668600,920 0,1498 0,1498 604,920 604,
1632276054499433600,0 0,828 0,828 638,0 638,
1632276054499433600,920 0,1498 0,1498 604,920 604,
1632276054566405600,1 1,822 1,822 639,1 639,
1632276054566405600,919 0,1499 0,1499 603,919 603,
